runtime,imdb,votes,budgets,genre_encoded,companies_experience,directors_experience,stars_experience,writers_experience,day,month,year,weekDay,rating_encoded,origins_encoded
150,8.3,73855,250000000.0,2,29,4,11,6,5,5,2023,4,3,2
96,7.0,39889,12000000.0,164,29,1,1,1,21,4,2023,4,4,2
134,7.4,79732,150000000.0,2,73,2,5,2,31,3,2023,4,3,3
92,7.3,93663,100000000.0,46,88,1,11,2,5,4,2023,2,2,2
122,6.7,66427,35000000.0,167,73,3,6,7,10,3,2023,4,4,2
93,6.4,25916,65000000.0,101,88,2,7,1,14,4,2023,4,4,2
103,6.1,22347,18000000.0,170,4,1,7,2,14,4,2023,4,4,3
179,7.2,12401,35000000.0,91,10,3,6,3,21,4,2023,4,4,3
169,8.2,143563,90000000.0,24,15,4,11,5,24,3,2023,4,4,2
111,7.7,26492,90000000.0,156,3,3,10,1,5,4,2023,2,4,2
121,8.0,1207234,170000000.0,2,53,4,11,6,1,8,2014,4,3,2
155,8.0,670383,165000000.0,3,98,6,5,4,22,10,2021,4,3,2
192,7.7,374694,350000000.0,5,12,7,7,8,16,12,2022,4,3,2
124,6.2,129663,200000000.0,2,29,4,7,12,17,2,2023,4,3,2
105,6.6,127887,1000000.0,167,10,1,3,1,18,3,2022,4,4,2
95,6.0,65768,35000000.0,114,88,2,2,1,24,2,2023,4,4,2
136,7.6,705166,200000000.0,2,53,4,11,6,5,5,2017,4,3,2
114,6.3,134723,24000000.0,167,73,3,7,7,14,1,2022,4,4,2
139,7.9,440535,14300000.0,2,10,1,2,1,8,4,2022,4,4,2
114,6.3,49531,50000000.0,18,10,5,4,5,3,3,2023,4,4,3
130,6.1,64530,125000000.0,2,98,2,3,7,17,3,2023,4,3,2
91,6.5,183802,17000000.0,164,11,1,1,5,5,4,2013,4,4,2
107,7.2,307921,35000000.0,106,14,1,5,1,18,11,2022,4,4,2
130,8.3,580686,170000000.0,25,73,2,15,6,27,5,2022,4,3,2
112,7.1,314965,17000000.0,108,3,1,5,3,5,10,2012,4,3,2
126,7.5,70625,50000000.0,87,2,2,12,1,13,1,2023,4,3,2
117,7.7,139038,10000000.0,126,10,4,3,1,21,12,2022,2,4,2
189,7.2,114241,78000000.0,90,73,3,16,3,23,12,2022,4,4,2
93,5.4,40528,45000000.0,3,66,2,4,4,10,3,2023,4,3,2
127,7.3,351503,85900000.0,18,3,3,16,1,5,8,2022,4,4,2
101,7.4,688290,20000000.0,24,14,4,11,5,24,10,2014,4,4,3
142,9.3,2737122,25000000.0,126,4,3,7,8,14,10,1994,4,4,2
113,6.8,76499,100000000.0,65,88,1,1,4,25,12,2003,3,2,3
175,9.2,1903417,6000000.0,116,73,6,9,4,24,3,1972,4,4,2
130,6.8,225539,68000000.0,166,88,3,2,3,22,7,2022,4,4,2
131,8.3,1074662,32500000.0,5,16,1,9,12,25,5,1983,2,2,2
107,6.4,79439,3000000.0,173,1,1,1,1,12,8,2022,4,3,3
148,7.1,348673,9000000.0,138,10,3,4,3,3,7,2019,2,4,2
142,7.2,945202,78000000.0,9,15,2,10,4,23,3,2012,4,3,2
144,6.6,15509,45000000.0,79,6,1,2,2,23,12,2022,4,3,2
102,7.9,125440,90000000.0,46,12,1,3,1,21,12,2022,2,2,2
92,7.4,281917,16000000.0,20,12,1,2,5,26,3,2021,4,4,2
169,8.6,1901158,165000000.0,61,98,9,9,10,7,11,2014,4,3,3
121,8.6,1390111,11000000.0,5,47,5,9,12,25,5,1977,2,2,2
170,8.3,671944,60000000.0,20,98,2,11,1,15,12,1995,4,4,2
119,6.9,91098,14000000.0,157,73,3,6,1,18,9,1987,4,4,2
135,6.1,62126,3000000.0,150,2,1,1,1,30,10,2015,4,4,0
85,7.4,219608,350000.0,164,3,7,3,5,15,4,1983,4,1,2
176,7.8,696115,200000000.0,20,98,1,4,6,4,3,2022,4,3,2
111,7.4,362451,14000000.0,165,9,5,7,7,20,12,1996,4,4,2
125,7.2,94846,24000000.0,146,1,1,1,1,15,7,2022,4,3,2
84,6.5,169948,2400000.0,54,47,2,2,3,25,1,2007,3,4,2
102,6.4,99515,12000000.0,169,9,1,2,4,6,1,2023,4,3,2
152,7.6,806894,125000000.0,65,98,5,8,8,16,11,2001,4,2,3
154,8.9,2103398,8000000.0,116,10,8,12,10,14,10,1994,4,4,2
104,6.1,50359,60000000.0,110,88,1,7,1,21,10,2022,4,3,3
116,6.9,55235,75000000.0,156,23,1,3,4,3,3,2023,4,3,2
115,6.5,124976,17000000.0,167,3,1,2,1,30,9,2022,4,4,2
107,7.0,121380,30000000.0,13,15,1,7,1,22,4,2022,4,4,2
164,8.0,600591,150000000.0,29,66,6,9,4,6,10,2017,4,4,3
109,6.9,472871,15000000.0,25,73,3,15,2,16,5,1986,4,2,2
100,6.1,71129,20000000.0,167,88,5,2,5,3,2,2023,4,4,2
194,7.9,1216634,200000000.0,150,73,7,13,8,19,12,1997,4,3,2
155,8.5,1531930,103000000.0,3,88,13,7,2,5,5,2000,4,4,3
161,7.6,774757,90000000.0,87,66,8,16,10,26,7,2019,4,4,3
148,8.8,2405827,160000000.0,9,98,9,13,10,16,7,2010,4,3,3
152,9.0,2710243,185000000.0,20,98,9,11,10,18,7,2008,4,3,3
127,7.3,339292,10000000.0,138,1,3,5,3,8,6,2018,4,4,2
148,8.2,791448,200000000.0,5,66,2,4,12,17,12,2021,4,3,2
181,8.4,1173917,356000000.0,3,53,5,11,12,26,4,2019,4,3,2
139,7.1,387716,40000000.0,85,3,4,6,4,23,12,2022,4,3,2
138,6.2,34039,250000.0,164,2,2,2,2,6,10,2022,3,4,2
178,8.8,1911183,93000000.0,3,29,7,6,7,19,12,2001,2,3,2
180,8.2,1457204,100000000.0,74,3,8,13,1,25,12,2013,2,4,2
111,6.2,160670,40000000.0,105,9,5,7,7,15,4,2011,4,4,2
130,7.4,385986,75000000.0,24,15,4,11,5,17,5,2019,4,4,2
142,6.8,262520,70000000.0,52,16,14,7,4,11,12,1991,2,2,2
193,7.8,63044,27000000.0,49,5,1,5,2,17,2,1984,4,2,2
139,8.8,2179411,63000000.0,126,24,8,16,1,15,10,1999,4,4,2
109,6.5,89297,19000000.0,110,14,2,1,2,17,10,2008,4,4,2
104,4.1,59778,48000000.0,52,5,1,5,2,28,5,1993,4,2,3
136,6.5,822693,115000000.0,5,16,5,10,12,19,5,1999,2,2,2
102,7.6,652878,7000000.0,118,3,1,11,1,14,4,2000,4,4,2
161,6.7,263639,250000000.0,3,53,3,3,12,11,11,2022,4,3,2
132,8.5,849272,11400000.0,157,3,3,2,2,8,11,2019,4,4,0
145,8.7,1187985,25000000.0,76,98,8,11,2,21,9,1990,4,4,2
122,6.5,215641,200000000.0,44,3,5,11,7,22,7,2022,4,3,2
110,7.4,93225,750000.0,87,88,5,2,12,11,8,1973,5,2,2
137,6.3,165397,40000000.0,9,5,3,3,3,14,12,1984,4,3,2
118,6.2,360245,250000000.0,2,53,3,11,12,8,7,2022,4,3,2
125,4.2,325633,40000000.0,152,10,1,2,2,13,2,2015,4,4,2
104,6.1,29436,10000000.0,93,2,1,2,1,18,5,2018,4,3,2
122,7.4,472963,40000000.0,24,14,4,11,5,10,2,2017,4,4,2
113,7.8,358859,22000000.0,13,10,5,8,5,24,1,2020,4,4,3
111,8.0,144998,10000000.0,92,1,1,1,1,13,8,2021,4,3,2
153,8.1,742513,46000000.0,120,4,6,12,1,20,9,2013,4,4,2
152,8.1,415478,97600000.0,11,12,5,11,2,15,11,2019,4,3,2
106,8.5,900065,3300000.0,142,9,3,4,3,15,10,2014,2,4,2
195,9.0,1381652,22000000.0,78,88,14,7,7,4,2,1994,4,4,2
108,8.0,786843,13000000.0,157,14,4,10,1,17,12,2010,4,4,2
143,5.2,141551,200000000.0,24,1,4,8,1,25,6,2021,4,3,2
153,8.3,1487183,70000000.0,63,88,8,16,10,21,8,2009,4,4,2
102,7.0,146171,4500000.0,167,1,1,2,1,9,9,2022,4,4,2
123,6.2,113487,20000000.0,157,29,2,5,1,23,9,2022,4,4,2
127,8.6,1692269,33000000.0,120,29,8,16,2,22,9,1995,4,4,2
133,7.8,655943,200000000.0,9,53,1,1,5,16,12,2016,4,3,2
132,7.2,369510,185000000.0,2,98,4,7,6,5,8,2021,3,4,2
151,7.6,86608,40000000.0,126,16,14,7,3,23,11,2022,2,3,2
137,7.0,226623,60000000.0,3,88,3,3,3,22,4,2022,4,4,3
126,8.3,1000244,10000000.0,150,10,1,10,3,9,1,1998,4,4,2
163,7.3,417199,250000000.0,10,88,1,6,3,8,10,2021,4,3,3
141,6.5,465957,275000000.0,5,53,5,3,5,20,12,2019,4,3,2
162,7.9,1339794,237000000.0,5,47,7,7,8,18,12,2009,4,3,2
127,7.1,35670,9000000.0,77,15,2,6,2,11,8,2017,4,3,2
130,7.9,724668,40000000.0,85,15,4,11,4,27,11,2019,2,3,2
142,8.8,2129952,55000000.0,150,73,5,12,4,6,7,1994,2,3,2
116,5.5,192912,69000000.0,13,73,1,11,1,25,5,2017,3,4,3
99,8.1,835573,25000000.0,50,14,5,5,5,28,3,2014,4,4,2
141,7.3,268137,115000000.0,18,47,7,9,8,15,7,1994,4,4,2
99,4.9,98680,2500000.0,118,2,1,11,1,9,10,2015,4,4,2
104,7.7,638045,4500000.0,167,88,3,2,3,24,2,2017,4,4,2
111,7.1,27992,7000000.0,148,3,1,1,1,20,1,2023,4,3,2
120,8.1,1027042,150000000.0,9,16,2,5,2,15,5,2015,4,4,0
116,8.5,1234619,19000000.0,54,88,5,1,1,3,7,1985,2,2,2
97,7.1,397663,17000000.0,83,73,1,7,1,30,4,2004,4,3,2
151,8.5,1352490,90000000.0,122,98,8,13,2,6,10,2006,4,4,2
122,8.4,1347231,55000000.0,122,98,3,11,6,4,10,2019,4,4,2
146,7.5,682079,130000000.0,9,15,5,10,4,22,11,2013,4,3,2
127,8.2,1011293,63000000.0,9,88,14,3,3,11,6,1993,4,3,2
158,7.5,70463,25000000.0,142,10,1,6,1,28,10,2022,4,4,2
134,6.1,75904,80000000.0,90,7,3,11,3,7,10,2022,4,4,2
136,8.7,1952519,63000000.0,42,98,3,11,4,31,3,1999,2,4,2
95,7.0,416795,11000000.0,83,88,2,1,1,9,7,1999,4,4,2
114,7.7,284141,19000000.0,52,98,2,7,3,7,6,1985,4,2,2
102,7.4,169039,45000000.0,54,18,1,7,1,25,12,1999,5,2,2
124,8.7,1317633,18000000.0,5,16,1,9,12,20,6,1980,4,2,2
163,7.3,547058,175000000.0,126,98,1,16,2,14,5,2004,4,4,3
116,7.2,50464,13000000.0,141,5,4,4,4,23,9,1988,4,4,2
118,8.6,1463517,19000000.0,122,3,1,7,3,14,2,1991,3,4,2
117,8.5,901013,11000000.0,168,2,13,7,4,22,6,1979,4,4,3
113,6.4,202376,92000000.0,10,98,2,4,2,10,5,1996,4,3,2
114,8.2,860650,1300000.0,116,66,8,11,1,9,2,1976,0,4,2
169,8.6,1419706,70000000.0,159,73,14,12,1,24,7,1998,4,4,2
88,7.5,84621,810000.0,167,1,1,1,1,7,8,1974,2,4,1
150,7.3,528001,205000000.0,43,98,9,4,10,3,9,2020,3,3,3
125,6.3,243813,195000000.0,5,98,2,11,1,21,10,2022,4,3,2
117,8.4,559457,90000000.0,1,66,1,3,2,14,12,2018,4,2,2
129,7.7,684178,81000000.0,2,47,5,12,5,13,2,2015,4,4,3
107,7.6,350018,150000000.0,46,53,4,11,4,23,11,2016,2,2,2
159,7.3,206868,85000000.0,79,98,4,12,4,24,6,2022,4,3,2
147,8.4,680663,31500000.0,149,5,6,2,4,15,8,1979,2,4,2
121,7.4,835991,139000000.0,9,66,7,6,12,3,5,2002,4,3,2
98,6.8,58463,3000000.0,120,1,1,3,1,10,12,2019,1,4,2
122,8.3,1171650,15000000.0,126,18,3,4,1,1,10,1999,4,4,2
149,8.4,1117769,321000000.0,9,29,5,10,12,27,4,2018,4,3,2
140,7.6,809569,113000000.0,5,16,5,10,12,19,5,2005,3,3,2
147,5.6,182307,165000000.0,9,16,2,11,3,10,6,2022,4,3,2
128,7.3,114253,40000000.0,95,66,1,12,1,1,7,1992,2,2,2
119,7.6,602731,110000000.0,2,47,3,7,4,18,5,2018,4,4,2
129,7.8,307174,28000000.0,150,88,3,4,1,23,11,2005,2,2,3
135,7.3,567502,35000000.0,164,29,2,2,3,8,9,2017,4,4,2
92,7.5,314520,15000000.0,100,1,9,5,2,30,3,1988,2,2,2
107,7.1,132447,25000000.0,93,6,5,7,5,22,10,2021,4,4,2
108,8.0,1064321,58000000.0,12,47,2,7,4,12,2,2016,4,4,2
126,7.6,484861,93000000.0,9,2,3,9,4,9,5,1997,4,3,1
120,7.6,131439,11000000.0,84,47,2,5,1,13,3,1992,4,4,2
201,9.0,1882369,94000000.0,3,29,7,5,7,17,12,2003,2,3,2
102,7.0,163184,36000000.0,98,11,1,3,5,2,8,1996,4,2,2
104,5.8,73480,4500000.0,60,66,2,1,1,2,7,1980,2,4,2
138,7.8,945638,245000000.0,9,53,5,3,6,18,12,2015,4,3,2
84,7.7,172046,3600000.0,103,3,7,3,5,13,3,1987,4,4,2
115,7.1,388590,120000000.0,2,7,3,7,3,13,8,2021,4,3,2
110,7.4,74716,85000000.0,46,88,2,12,2,22,12,2021,2,2,2
103,7.6,190334,6900000.0,83,3,4,8,3,24,9,1993,4,4,2
110,7.2,286227,6000000.0,109,73,2,3,1,16,6,1978,4,2,2
189,8.6,1331018,60000000.0,117,98,3,12,8,10,12,1999,4,4,2
146,8.4,1046086,19000000.0,137,98,5,6,8,13,6,1980,4,4,3
102,8.3,859656,4500000.0,126,1,4,5,2,15,12,2000,4,4,2
122,8.1,419935,11000000.0,164,98,1,2,1,26,12,1973,2,4,2
91,7.0,90804,10000000.0,116,3,6,3,1,25,3,1983,4,2,2
105,5.3,25182,10000000.0,170,4,1,1,1,26,8,2022,4,3,2
126,6.9,436370,200000000.0,5,29,7,5,12,6,5,2022,4,3,2
117,8.1,785957,28000000.0,30,98,13,9,3,25,6,1982,4,4,2
102,8.1,409386,2777000.0,65,23,2,1,1,25,8,1939,4,2,2
122,8.2,998542,25000000.0,122,10,3,7,3,21,11,2007,2,4,2
123,7.8,586695,29000000.0,150,29,1,7,1,25,6,2004,4,3,2
108,6.7,45040,60000000.0,131,23,2,7,2,26,8,2022,4,4,2
128,6.3,110969,30000000.0,120,98,2,9,2,29,1,2021,4,4,2
135,7.8,218013,40000000.0,150,66,2,9,2,25,12,2019,2,2,2
96,9.0,810083,350000.0,116,1,1,2,1,10,4,1957,2,0,2
105,5.3,59036,14000000.0,150,1,1,1,1,12,4,2019,4,3,2
116,7.3,375238,30000000.0,10,47,2,11,1,10,6,1994,4,4,2
143,8.1,1150641,140000000.0,5,53,3,7,5,9,7,2003,2,3,2
127,6.3,160529,90000000.0,120,12,4,2,4,11,2,2022,4,3,3
103,6.9,165149,18000000.0,170,88,3,8,3,24,6,2022,4,4,2
130,8.5,1360827,40000000.0,147,12,9,12,10,20,10,2006,4,3,3
126,7.9,1079579,140000000.0,9,73,3,10,3,2,5,2008,4,3,2
149,8.1,1005936,61000000.0,148,47,8,10,1,3,10,2014,4,4,2
138,8.2,1355680,80000000.0,172,73,8,13,2,19,2,2010,4,4,2
113,5.6,178323,130000000.0,38,5,1,4,2,10,8,2018,4,3,2
165,8.4,1594392,100000000.0,160,66,8,13,10,25,12,2012,1,4,2
122,5.3,470689,37000000.0,131,14,2,4,1,21,11,2008,4,3,2
132,7.0,361376,100000000.0,2,98,2,3,2,5,4,2019,4,3,2
133,8.7,1026297,3000000.0,126,1,2,6,2,19,11,1975,2,4,2
100,7.7,805688,35000000.0,83,98,3,10,1,5,6,2009,4,4,2
142,6.6,727539,115000000.0,5,16,5,10,12,16,5,2002,3,2,2
138,7.2,555924,75000000.0,94,3,3,13,4,24,12,2021,4,4,2
120,6.3,196307,24000000.0,165,9,5,7,7,12,12,1997,4,4,2
106,6.8,395760,38000000.0,24,88,1,8,6,22,6,2001,4,3,2
139,8.1,547196,40000000.0,78,14,4,3,1,4,11,2016,4,4,3
124,7.1,442842,80000000.0,5,88,2,5,2,7,5,1999,4,3,2
89,8.1,416101,8000000.0,55,66,2,1,8,22,8,1986,4,4,2
108,7.2,324266,19000000.0,22,9,4,5,10,19,1,1996,4,4,2
119,7.1,188888,40000000.0,24,23,5,4,5,7,5,2021,4,4,3
138,6.5,213287,200000000.0,3,73,2,11,1,2,7,2021,4,3,2
129,6.9,154722,20000000.0,5,88,1,9,3,14,5,1982,4,4,2
97,7.8,412490,1000000.0,87,88,4,2,5,15,2,1985,4,4,2
107,7.7,261624,11000000.0,120,1,1,6,3,18,8,2017,4,4,3
117,8.1,825296,15000000.0,84,11,3,5,3,6,3,1998,4,4,3
112,7.2,189500,25000000.0,131,15,1,9,1,24,4,2015,4,3,2
159,7.5,353397,65000000.0,148,98,5,15,5,16,7,1999,4,4,3
126,8.0,633889,23000000.0,151,6,1,12,1,10,1,2014,4,4,2
115,7.1,125762,15000000.0,150,2,1,5,1,20,2,2004,4,1,3
156,6.3,357088,200000000.0,5,29,1,4,1,5,11,2021,4,3,2
110,7.0,462306,37000000.0,84,29,3,3,2,7,8,2013,2,4,3
132,7.2,383293,55000000.0,24,66,4,9,2,26,9,2014,4,4,2
120,8.4,594299,3000000.0,29,1,2,2,2,21,11,2003,4,4,0
135,6.8,59784,50000000.0,27,12,1,3,1,16,9,2022,4,3,2
108,7.1,178004,75000000.0,72,12,2,8,2,21,12,2016,2,2,2
88,8.5,1081992,45000000.0,47,53,1,4,3,24,6,1994,4,0,2
131,6.3,156883,100000000.0,10,7,5,5,5,22,12,2021,2,4,3
121,7.6,444745,30000000.0,20,15,6,7,3,2,10,2015,4,4,2
98,8.0,435273,16000000.0,52,2,2,4,2,9,10,1987,4,2,2
102,7.2,235332,50000000.0,72,53,3,5,3,24,11,2021,2,2,2
143,6.9,409296,180000000.0,65,53,3,7,7,9,12,2005,4,2,3
111,5.3,55623,70000000.0,87,88,5,6,2,14,1,2011,4,3,2
91,7.0,81215,1500000.0,126,1,1,1,2,1,9,1995,4,4,2
100,7.8,662109,15000000.0,25,5,1,9,2,16,9,2011,4,4,2
202,9.0,1297407,13000000.0,116,73,6,11,4,18,12,1974,2,4,2
170,8.3,863299,25000000.0,116,88,3,9,3,9,12,1983,4,4,2
97,8.2,166893,6000000.0,145,9,1,7,2,26,2,2021,4,3,3
81,7.4,185237,13000000.0,103,5,7,3,5,19,2,1993,4,4,2
89,5.7,109544,15000000.0,83,66,1,11,1,14,12,2001,4,4,2
137,8.4,730910,18500000.0,9,47,7,7,8,18,7,1986,4,4,3
135,6.9,359435,275000000.0,9,53,5,6,12,25,5,2018,4,3,2
99,6.4,16822,350000.0,110,1,1,7,1,29,4,1983,4,4,2
144,7.0,650099,150000000.0,9,73,8,3,3,3,7,2007,1,3,2
134,7.9,554417,52000000.0,79,47,4,3,2,2,11,2018,4,3,3
133,7.4,677252,175000000.0,9,66,2,10,2,7,7,2017,4,3,2
125,8.6,786674,19000000.0,48,1,2,1,2,28,3,2003,4,2,0
100,6.9,243468,37000000.0,2,2,2,7,1,23,2,2018,4,4,2
128,7.4,224971,40000000.0,129,66,6,7,3,13,11,1992,4,4,3
144,8.0,876869,108000000.0,61,47,13,9,3,2,10,2015,4,3,3
164,8.4,1737213,250000000.0,32,98,9,11,10,20,7,2012,4,3,3
148,5.7,260063,190000000.0,42,98,3,11,4,22,12,2021,2,4,2
112,7.0,360283,50000000.0,40,73,5,3,5,10,6,2011,4,3,2
108,8.3,1028849,20000000.0,151,10,1,5,1,19,3,2004,4,4,2
116,5.6,153954,40000000.0,165,9,5,7,7,4,2,2000,4,4,2
108,5.8,133667,18000000.0,138,88,5,3,5,23,7,2021,4,3,2
149,8.3,683552,12000000.0,70,23,5,1,5,24,6,1970,2,0,3
146,8.1,471263,25000000.0,126,18,1,8,1,10,8,2011,2,3,2
115,8.4,983873,18000000.0,0,73,14,9,12,12,6,1981,4,2,2
116,7.9,716478,47000000.0,147,3,6,6,2,11,11,2016,4,3,2
108,7.7,560233,15000000.0,155,88,2,3,4,24,4,2015,4,4,1
92,6.7,257112,20000000.0,113,47,3,6,2,18,6,2004,4,3,2
84,7.1,198411,45000000.0,46,8,1,4,1,23,6,2000,4,0,3
112,7.5,440549,60000000.0,15,88,3,3,4,13,8,2010,4,3,3
118,6.8,253029,260000000.0,47,53,3,1,3,19,7,2019,4,2,3
118,7.4,532576,50000000.0,93,1,1,9,2,29,7,2011,4,3,2
112,7.5,523304,20000000.0,167,29,6,5,1,19,7,2013,4,4,2
137,6.8,62343,62000000.0,150,1,3,4,1,25,9,1998,4,4,2
136,8.3,846005,2200000.0,124,98,5,1,5,2,2,1972,2,4,3
109,7.2,315523,35000000.0,107,73,4,5,2,3,10,2003,4,3,2
141,8.1,1017175,52000000.0,76,18,14,13,3,25,12,2002,2,3,2
140,7.4,452365,175000000.0,9,98,14,2,3,29,3,2018,3,3,2
130,7.8,155326,25000000.0,78,5,1,4,2,25,12,1993,5,4,2
168,7.8,621573,44000000.0,120,2,8,12,10,30,12,2015,2,4,2
105,7.5,291854,84000000.0,80,12,1,8,1,20,12,2017,2,2,2
109,8.2,437236,15000000.0,166,88,1,4,2,25,6,1982,4,4,2
97,7.3,356662,30000000.0,93,12,1,4,3,31,3,1999,2,3,2
152,6.9,646295,317000000.0,5,53,4,4,12,15,12,2017,4,3,2
138,7.2,487971,40000000.0,116,66,3,11,3,20,12,2013,4,4,2
124,7.0,620662,130000000.0,68,47,13,4,4,8,6,2012,4,4,3
150,8.5,853228,35000000.0,79,6,2,3,1,28,3,2003,4,4,1
90,6.5,119361,14000000.0,39,12,1,2,4,13,3,2020,4,4,2
144,7.7,405924,92000000.0,27,12,13,7,2,18,1,2002,4,4,3
147,7.9,365950,15000000.0,148,1,3,5,3,19,10,2001,4,4,2
116,6.3,226153,120000000.0,0,66,3,9,3,18,2,2022,4,3,2
113,8.4,1260608,9000000.0,172,3,9,4,10,25,5,2001,4,4,2
119,8.2,617829,95000000.0,33,18,3,1,2,10,1,2020,4,4,3
124,6.9,862367,140000000.0,9,73,2,12,7,22,7,2011,4,3,2
106,8.5,1102207,6000000.0,120,5,4,4,5,16,8,1995,2,4,2
157,7.7,645134,150000000.0,65,98,1,9,8,18,11,2005,4,3,3
129,7.6,382814,45000000.0,120,88,2,9,1,24,3,2006,4,4,2
115,6.4,162538,29000000.0,107,88,2,5,3,15,5,2015,4,3,2
124,8.1,621884,7000000.0,69,88,14,2,1,20,6,1975,4,2,2
117,7.3,515955,9000000.0,170,88,5,5,5,20,1,2017,4,3,2
111,6.2,97307,40000000.0,123,29,6,1,4,10,9,2021,4,4,2
106,7.8,680018,100000000.0,27,98,9,2,10,21,7,2017,4,3,3
89,7.6,274919,10000000.0,83,47,2,3,2,19,2,1999,4,4,2
136,6.6,239173,250000000.0,24,88,1,11,7,14,4,2017,4,3,2
143,8.0,1412844,220000000.0,42,73,2,12,3,4,5,2012,4,3,2
117,7.2,437406,120000000.0,46,53,2,4,2,9,6,2006,4,0,2
127,7.0,207518,49000000.0,148,5,5,6,2,20,3,1992,4,4,2
123,5.9,697970,175000000.0,5,12,2,7,3,5,8,2016,4,3,2
131,6.8,40307,16000000.0,139,2,2,3,2,23,11,2022,2,4,2
165,7.0,45869,14000000.0,32,98,1,3,1,14,12,1974,5,2,2
107,6.5,295006,85000000.0,24,88,4,8,7,3,4,2009,4,3,2
113,8.0,817799,6000000.0,147,1,1,12,1,19,1,2001,4,4,2
109,7.4,124954,3000000.0,83,88,1,2,4,28,7,1978,4,4,2
158,8.2,600762,25000000.0,126,10,5,3,5,25,1,2008,4,4,2
130,8.2,516430,23000000.0,75,18,1,5,1,16,11,2018,4,3,2
143,6.8,489568,160000000.0,5,98,6,5,2,21,12,2018,4,3,2
116,7.0,149127,43000000.0,138,9,3,5,4,29,10,2021,4,4,1
149,7.5,168751,40000000.0,122,98,2,12,2,24,7,1996,2,4,2
122,7.2,190849,24000000.0,24,1,2,11,2,12,7,1991,4,4,2
111,8.2,1138012,30000000.0,20,10,8,3,10,10,10,2003,4,4,2
126,7.5,386307,35000000.0,0,98,9,6,6,23,6,1989,4,3,3
119,6.9,395393,90000000.0,2,66,3,11,3,20,12,2017,2,3,2
117,7.6,835004,65000000.0,25,98,6,4,3,9,3,2007,4,4,2
113,7.6,598326,20000000.0,83,66,1,5,1,17,8,2007,4,4,2
134,6.7,394902,200000000.0,9,29,1,12,2,9,7,2021,4,3,2
108,6.4,424575,200000000.0,65,53,9,7,3,5,3,2010,4,2,2
137,6.5,341810,160000000.0,9,15,5,10,6,20,11,2015,4,3,2
115,6.7,495526,150000000.0,52,98,9,7,5,15,7,2005,4,2,3
107,8.1,883289,6400000.0,42,2,7,9,8,26,10,1984,4,4,3
77,7.3,145690,4000000.0,48,11,1,1,4,5,2,1953,3,0,2
122,6.4,289033,97000000.0,169,47,13,4,4,19,5,2017,4,4,3
114,6.5,267996,55000000.0,120,47,4,5,4,10,11,2017,4,3,3
113,6.3,218823,200000000.0,43,98,2,3,5,31,3,2021,2,3,2
133,7.6,437822,50000000.0,81,66,1,16,7,23,9,2011,4,3,2
103,8.2,1113272,60000000.0,87,73,2,5,3,5,6,1998,4,2,2
109,7.7,113807,2000000.0,62,98,1,4,1,18,8,1972,4,4,2
109,8.5,685838,806947.0,167,1,2,1,1,8,9,1960,3,4,2
123,6.6,470360,125000000.0,9,15,5,10,6,21,11,2014,4,3,2
92,6.9,275563,4000000.0,129,2,3,5,3,19,2,2016,4,4,3
115,8.3,340205,3800000.0,126,2,1,1,1,10,1,2013,3,4,0
137,8.1,784779,97000000.0,30,47,5,8,4,3,3,2017,4,4,2
130,8.6,769213,3300000.0,116,1,1,1,1,13,2,2004,4,4,0
147,7.7,343703,178000000.0,10,73,3,15,5,27,7,2018,4,3,3
183,6.2,340209,140000000.0,27,12,8,10,2,25,5,2001,4,3,2
128,8.0,613142,30000000.0,92,14,3,9,3,25,12,2016,6,3,2
117,6.9,127356,4700000.0,126,2,1,2,1,6,3,2014,3,4,3
129,7.1,318125,160000000.0,65,53,1,9,3,17,3,2017,4,2,2
178,8.4,1053727,72000000.0,78,5,4,4,2,24,5,1995,2,4,2
110,6.3,228450,70000000.0,13,98,2,9,2,8,6,2018,4,3,2
111,8.1,763149,150000000.0,46,53,5,1,4,27,6,2007,2,0,2
179,8.8,1699229,94000000.0,3,29,7,5,7,18,12,2002,2,3,2
108,7.9,408384,14000000.0,96,14,3,12,2,8,11,2019,4,3,2
116,8.3,756900,30000000.0,159,98,5,1,5,10,7,1987,4,4,3
138,7.3,386514,80000000.0,23,73,1,7,2,27,6,1997,4,4,2
130,7.8,445510,28000000.0,75,73,3,11,4,23,12,2015,2,4,2
157,7.8,435507,100000000.0,76,88,13,9,7,2,11,2007,4,4,3
136,6.4,187767,177200000.0,5,3,3,5,4,21,7,2017,4,3,2
209,7.8,402121,159000000.0,76,3,8,11,7,27,11,2019,2,4,2
124,7.1,191409,75000000.0,53,66,1,7,2,19,11,2021,4,3,2
115,8.1,524490,15000000.0,85,14,2,6,2,1,12,2017,4,4,3
130,8.1,898005,125000000.0,65,98,4,9,8,15,7,2011,4,3,3
137,8.6,1120348,102000000.0,42,6,7,9,8,3,7,1991,2,4,2
129,7.3,304014,105000000.0,9,12,5,1,2,7,11,1997,4,4,2
178,8.8,775387,1200000.0,71,3,3,3,2,29,12,1967,4,0,0
104,7.0,357203,65000000.0,52,11,2,6,2,15,12,1995,4,2,2
133,7.3,501407,58800000.0,11,98,4,10,1,16,1,2015,4,4,2
100,7.0,241885,6000000.0,143,1,1,4,1,21,8,1987,4,3,2
155,7.9,272156,15000000.0,126,29,5,9,5,31,10,1997,4,4,2
178,8.2,533097,52000000.0,116,88,8,11,2,22,11,1995,2,4,2
140,8.2,1499318,150000000.0,20,98,9,11,10,15,6,2005,2,3,3
110,6.0,180234,55000000.0,5,29,1,1,3,23,4,2021,4,4,2
95,7.0,429912,30000000.0,167,23,1,7,3,13,4,2012,4,4,2
99,8.3,1040353,1200000.0,125,1,8,2,10,2,9,1992,2,4,2
102,7.1,123929,6000000.0,83,6,2,1,1,24,5,2019,4,4,2
128,8.1,507897,16400000.0,87,12,2,8,1,9,6,1989,4,2,2
134,7.7,366772,14000000.0,150,10,1,12,1,13,1,2006,4,4,2
132,6.8,218515,90000000.0,3,66,4,11,1,23,9,2016,4,3,2
85,5.6,41355,35000.0,170,2,2,2,2,15,3,2018,3,4,2
142,7.9,653691,130000000.0,65,98,3,9,8,4,6,2004,4,2,3
132,7.4,399915,200000000.0,5,53,2,3,3,3,9,2021,4,3,2
135,7.4,295518,19000000.0,122,10,1,7,1,25,12,2019,2,4,2
157,7.7,559810,65000000.0,120,98,8,12,4,2,3,2007,4,4,2
141,6.7,342000,104000000.0,2,47,5,3,5,22,9,2017,4,4,3
112,6.1,133303,68000000.0,2,73,1,8,2,25,3,2022,4,3,2
136,5.7,38167,80000000.0,91,10,1,4,2,30,12,2022,4,4,3
90,7.1,109298,4500000.0,87,88,2,3,4,13,8,1982,4,4,2
188,8.0,318854,37000000.0,126,29,5,15,5,7,1,2000,4,4,2
133,7.2,126704,40000000.0,93,23,5,3,5,25,12,2021,5,4,2
119,8.5,1140925,20000000.0,116,29,1,6,1,20,11,1998,4,4,2
134,7.5,510281,68000000.0,33,66,2,16,2,17,10,2014,4,4,3
108,7.1,84186,11000000.0,75,23,1,11,1,22,2,2019,4,3,3
139,7.8,319531,40000000.0,3,12,4,1,2,8,12,2006,4,4,2
98,8.1,691222,7000000.0,125,11,3,2,3,5,4,1996,4,4,3
120,6.7,235302,14500000.0,150,47,4,13,4,1,11,1996,4,3,2
143,7.4,180131,55000000.0,9,1,2,3,4,15,12,1978,4,2,3
87,7.9,243963,40000000.0,46,47,5,6,5,25,11,2009,2,2,3
116,7.3,341112,50000000.0,13,98,3,9,3,20,5,2016,4,4,2
110,6.8,63233,25000000.0,156,14,3,4,1,11,4,2014,4,3,2
104,6.0,280723,85000000.0,24,88,4,1,7,16,6,2006,4,3,2
111,5.7,65754,150000000.0,2,98,3,8,4,9,10,2015,4,2,3
107,8.2,1009080,40000000.0,148,5,5,9,5,6,8,1999,4,3,2
127,5.4,120705,140000000.0,3,14,2,3,2,26,2,2016,4,3,2
134,7.3,799660,200000000.0,9,53,3,3,12,16,2,2018,4,3,2
136,6.9,670650,230000000.0,9,66,3,8,8,3,7,2012,1,3,2
156,7.2,88030,100000000.0,119,16,14,2,2,10,12,2021,4,3,2
229,8.3,359330,30000000.0,116,98,3,11,1,1,6,1984,4,4,2
110,6.7,397163,75000000.0,24,88,1,7,7,27,6,2008,4,4,2
105,6.9,182016,95000000.0,56,3,4,6,3,13,3,2015,4,2,3
85,7.3,70698,1700000.0,87,10,1,2,2,26,10,2018,4,4,2
83,7.6,271931,40000000.0,48,53,4,1,4,17,11,1989,4,0,2
143,7.1,784796,225000000.0,9,98,6,6,10,14,6,2013,4,3,3
130,6.5,85716,35000000.0,27,9,1,7,6,19,1,2018,4,4,2
117,7.3,690325,130000000.0,17,53,4,7,4,17,7,2015,4,3,2
122,7.9,283009,60000000.0,51,66,3,3,4,22,9,2000,4,4,2
161,7.4,654647,100000000.0,65,98,5,9,8,15,11,2002,4,2,3
108,6.5,255578,52000000.0,109,88,1,4,1,18,7,2008,4,3,3
122,7.3,277973,170000000.0,9,47,4,5,8,14,2,2019,3,3,2
89,6.4,510537,40000000.0,43,3,3,12,4,25,7,2014,4,4,3
103,6.8,317925,1500000.0,167,5,6,5,3,1,4,2011,4,3,2
103,7.8,368545,6000000.0,83,73,4,2,5,11,6,1986,2,3,2
113,7.6,564081,34000000.0,20,11,3,3,4,28,6,2017,2,4,3
142,6.2,151986,200000000.0,65,98,4,4,8,15,4,2022,4,3,3
120,6.9,179690,30000000.0,93,98,1,2,1,15,8,2018,2,3,2
122,6.5,74076,110000000.0,2,73,2,5,3,8,4,2022,4,2,2
120,8.1,596646,960000.0,156,2,2,3,3,3,12,1976,4,2,2
123,6.7,262185,125000000.0,2,66,3,11,3,13,12,2019,4,3,2
103,5.9,82552,18000000.0,5,5,1,9,2,29,6,1984,4,2,2
86,6.4,119600,70000000.0,46,88,2,3,1,2,3,2012,4,2,2
140,6.6,192049,69000000.0,32,6,5,10,1,2,3,2018,4,4,2
126,8.4,94630,4000000.0,126,1,1,1,1,20,9,2018,3,4,1
123,7.8,363350,12000000.0,89,11,2,7,4,8,11,2013,4,4,3
145,7.0,585500,75000000.0,9,47,5,4,4,3,7,1996,2,3,2
143,7.2,563883,105000000.0,150,98,4,13,4,10,5,2013,4,3,2
108,8.0,514644,150000000.0,46,53,3,4,3,4,3,2016,4,2,2
105,8.4,531197,175000000.0,46,53,3,3,1,22,11,2017,2,2,2
148,8.1,633936,15000000.0,49,3,1,6,1,19,10,2007,4,4,2
90,7.5,547404,17000000.0,140,73,2,5,4,6,4,2018,4,3,2
127,7.2,239713,30000000.0,126,2,4,2,2,25,2,2004,2,4,2
135,7.6,502834,40000000.0,93,88,2,7,4,14,11,2003,4,4,3
103,7.6,434110,1200000.0,167,1,6,4,4,29,10,2004,4,4,2
107,3.6,34932,45000000.0,5,29,1,4,2,8,12,2000,4,3,2
119,8.2,410047,24000000.0,48,1,2,1,2,17,6,2005,4,2,0
119,7.1,336383,14000000.0,110,12,2,7,1,23,3,1990,4,4,2
109,6.3,201957,117000000.0,2,47,5,15,1,23,6,2010,2,3,2
123,6.5,245332,90000000.0,59,24,1,16,1,20,9,2019,4,3,2
144,7.5,383468,57000000.0,148,98,1,11,5,17,10,1997,4,4,2
104,7.3,626337,75000000.0,9,47,4,8,2,14,7,2000,4,3,2
130,7.9,773076,180000000.0,2,53,3,7,2,3,11,2017,4,3,2
152,7.4,164806,100000000.0,27,12,13,9,3,15,10,2021,4,4,3
162,7.6,561935,130000000.0,29,98,6,5,2,6,3,2009,4,4,2
90,7.9,697779,60000000.0,46,18,3,7,5,18,5,2001,4,2,2
128,6.9,274543,183000000.0,52,53,5,4,5,24,5,2019,4,2,3
124,8.0,778295,40000000.0,125,9,8,9,2,1,4,2005,4,4,2
113,7.9,697373,178000000.0,9,98,2,15,5,6,6,2014,4,3,2
169,7.8,842650,180000000.0,67,29,7,5,7,14,12,2012,4,3,2
120,7.7,623838,44500000.0,82,98,3,10,4,12,10,2012,4,4,3
101,7.8,494182,8000000.0,87,14,1,7,3,18,8,2006,4,4,2
126,7.1,313018,80000000.0,21,98,9,5,6,19,6,1992,4,3,3
125,7.5,400480,37000000.0,122,98,3,10,6,17,9,2010,4,4,2
119,5.1,68302,35000000.0,122,88,1,5,2,20,10,2017,4,4,3
100,7.7,241799,60000000.0,73,10,1,2,2,6,2,2009,4,2,2
117,7.6,97499,35000000.0,73,2,4,7,4,9,12,2022,4,2,2
118,5.2,33454,6000000.0,37,6,1,3,1,23,6,2017,4,4,2
97,7.2,246040,55000000.0,140,73,2,5,4,28,5,2021,4,3,2
96,6.6,187509,60000000.0,169,73,2,3,1,15,8,1997,4,4,3
103,7.9,525232,13000000.0,126,14,2,9,3,12,10,2012,4,3,2
121,6.7,168555,62000000.0,24,66,4,9,2,20,7,2018,4,4,2
95,8.1,733768,175000000.0,46,53,3,2,5,19,6,2015,4,2,2
114,6.7,79936,17000000.0,44,6,1,4,1,19,5,1989,4,4,2
135,8.2,948367,58000000.0,77,88,5,7,2,4,1,2002,4,3,2
132,8.2,899581,28000000.0,44,47,2,9,1,20,7,1988,2,4,2
129,7.7,231091,30000000.0,120,73,1,6,1,3,4,1996,2,4,2
150,6.0,172560,140000000.0,3,12,13,11,1,12,12,2014,4,3,3
154,5.2,157426,217000000.0,9,73,8,9,3,21,6,2017,2,3,2
109,5.7,152491,37000000.0,84,4,2,2,2,23,6,2004,2,3,2
158,7.5,335943,61000000.0,144,88,1,9,2,25,12,2012,1,3,3
123,7.8,286724,30000000.0,146,88,3,5,2,11,1,2008,4,4,3
109,6.5,378933,35000000.0,110,4,2,4,1,22,7,2011,4,4,2
158,6.6,144934,75000000.0,76,23,13,9,1,24,11,2021,2,4,2
169,6.5,278761,79000000.0,129,29,2,5,8,6,9,2019,4,4,2
96,7.1,260962,15500000.0,93,5,1,12,1,15,8,2008,4,3,2
100,6.8,92683,2000000.0,126,14,2,4,1,19,9,2003,4,4,3
158,7.8,473340,90000000.0,120,66,8,6,7,21,12,2011,2,4,2
97,6.9,228674,12000000.0,110,73,2,2,1,19,7,1995,2,3,2
88,7.7,247901,3500000.0,83,73,2,1,1,2,7,1980,2,2,2
144,8.0,669720,150000000.0,10,66,1,6,3,17,11,2006,4,3,3
130,8.2,419915,14400000.0,160,98,4,7,3,7,8,1992,4,4,2
98,6.1,99947,11000000.0,111,1,4,6,1,25,8,2000,4,3,2
95,6.8,162632,6000000.0,16,14,3,2,3,21,8,2019,2,4,2
99,6.5,146792,85000000.0,2,73,2,5,3,14,2,2020,4,2,2
127,6.6,47269,50000000.0,88,66,1,2,2,18,6,1982,4,2,2
112,7.5,160232,7000000.0,148,1,1,7,1,21,10,2011,4,4,3
110,6.8,262566,3000000.0,167,14,3,8,3,12,10,2012,4,4,3
127,7.8,239857,25000000.0,78,7,1,2,1,6,1,2017,4,2,2
115,6.8,338118,40000000.0,58,73,2,10,4,23,2,2018,4,4,3
143,7.8,607773,90000000.0,60,47,5,12,4,22,12,2000,4,3,2
150,7.5,281967,90000000.0,147,98,5,8,3,11,7,1997,4,2,2
120,7.3,85832,25000000.0,77,4,1,7,1,25,10,2018,3,4,2
112,6.6,503137,100000000.0,9,66,3,7,3,5,10,2018,4,3,2
117,7.8,567471,8500000.0,122,3,1,12,3,31,10,2014,4,4,2
121,7.1,259736,35000000.0,87,1,1,11,1,25,9,2015,4,3,2
181,8.0,275567,22000000.0,64,2,1,4,1,21,11,1990,2,3,3
107,7.9,444366,15000000.0,85,10,2,2,2,29,2,2008,4,4,3
115,8.0,758848,92000000.0,1,53,5,12,4,5,11,2004,4,2,2
88,6.2,270557,19000000.0,83,9,2,2,2,7,7,2000,4,4,2
120,7.8,721398,40000000.0,77,66,8,4,3,1,10,2010,4,3,2
109,7.4,229965,11000000.0,130,24,3,5,3,1,11,2019,4,4,2
137,7.1,398024,190000000.0,24,88,6,11,7,3,4,2015,4,3,2
81,8.3,1015177,30000000.0,46,53,2,12,5,25,11,1995,5,0,2
103,7.7,603091,18000000.0,97,47,5,5,5,16,11,1990,4,2,2
101,7.3,261697,26000000.0,36,4,6,3,6,19,3,2004,4,4,2
100,6.8,72287,45000000.0,2,12,2,5,2,5,3,2021,4,4,2
99,6.4,129755,9000000.0,6,66,2,3,2,4,1,2019,4,3,2
129,8.1,481028,20000000.0,76,4,1,7,2,20,11,2015,4,4,2
100,6.7,103023,5000000.0,173,1,2,2,1,5,9,2014,4,4,3
100,8.2,1063856,94000000.0,46,53,3,1,3,30,5,2003,4,0,2
119,7.9,232726,13000000.0,121,5,3,4,10,10,9,1993,4,4,2
139,6.6,470763,85000000.0,7,14,1,4,1,21,3,2014,4,3,2
131,8.3,183217,6800000.0,145,1,6,1,2,12,1,2011,2,4,0
100,6.8,251922,1000000.0,167,1,1,2,1,13,3,2015,4,4,2
129,8.3,321663,2000000.0,116,1,1,1,1,16,3,1963,5,0,2
129,6.5,323366,230000000.0,5,53,1,7,5,26,5,2017,4,3,3
116,8.6,709421,20000000.0,93,1,1,1,1,20,12,1997,5,3,0
127,7.9,609703,150000000.0,9,73,5,5,3,8,5,2009,4,3,2
116,7.2,318973,75000000.0,2,98,5,4,5,14,8,2015,4,3,3
118,6.3,289307,200000000.0,18,3,3,11,2,12,11,2021,4,3,2
93,5.2,16056,2200000.0,150,1,1,1,1,3,3,2006,4,4,0
129,7.2,26681,32000000.0,134,88,1,1,1,18,11,2022,4,4,2
112,6.7,210702,30000000.0,93,24,1,12,2,24,11,2010,2,4,2
113,6.8,482280,34000000.0,40,47,1,2,1,19,9,2014,4,3,3
100,6.5,139032,28000000.0,12,29,1,6,1,15,6,2018,4,4,2
131,7.7,142233,35000000.0,3,12,2,4,1,25,1,2002,4,3,3
117,6.4,252654,80000000.0,110,66,4,7,2,11,2,2011,4,3,2
167,7.5,453175,100000000.0,116,10,8,13,7,20,12,2002,4,4,2
109,6.9,433903,35000000.0,87,7,1,9,2,30,6,2006,4,3,2
141,7.8,57112,14400000.0,78,2,1,1,1,1,2,1985,4,4,1
98,6.7,264734,23000000.0,170,29,1,1,1,17,3,2000,4,4,2
106,7.4,282886,175000000.0,56,2,3,6,1,15,4,2016,4,2,3
93,7.3,240101,85000000.0,46,53,4,3,4,27,6,1997,4,0,2
131,7.4,206248,52000000.0,77,88,3,7,1,17,3,2000,4,4,2
103,6.2,139047,38000000.0,166,88,1,5,2,14,10,2011,4,4,2
146,7.7,371242,70000000.0,20,24,3,9,4,23,4,2004,4,4,3
144,6.9,48000,10000000.0,65,1,1,1,5,18,12,1968,2,0,3
99,7.3,65483,5000000.0,76,8,7,4,7,14,10,1994,4,4,0
107,5.9,281351,76000000.0,24,88,1,6,6,6,6,2003,4,3,2
125,6.8,298626,32500000.0,110,88,2,3,1,13,5,2011,4,4,2
140,7.7,302650,52000000.0,57,88,5,12,4,30,6,1995,4,2,3
110,7.1,437504,80000000.0,10,73,3,15,7,22,5,1996,2,3,2
147,7.6,212287,48000000.0,122,3,3,6,1,5,1,2001,4,4,2
116,7.0,420153,110000000.0,151,66,2,11,4,21,12,2016,2,3,2
101,7.6,122221,7000000.0,126,3,3,11,1,12,4,2017,2,3,2
92,7.0,234468,12000000.0,113,88,4,7,2,16,2,1996,4,3,2
102,7.4,638144,150000000.0,46,53,1,2,2,27,11,2013,2,2,2
107,6.9,94370,4000000.0,93,1,1,2,1,11,10,2002,4,4,2
100,6.8,47923,70000000.0,46,12,1,3,3,22,4,2022,4,2,2
116,6.8,313984,20000000.0,167,12,3,3,3,22,3,2019,4,4,2
134,6.2,145996,35000000.0,93,6,2,7,2,21,12,2012,4,4,2
102,5.3,58036,3000000.0,103,1,1,3,1,19,9,2014,4,4,2
113,7.9,169907,20000000.0,127,15,2,4,3,17,11,2017,4,2,2
98,7.4,194264,1800000.0,165,1,3,1,8,16,11,1976,1,4,2
97,6.7,41697,3000000.0,122,1,1,2,1,12,8,2022,4,4,2
96,7.0,53663,4300000.0,2,88,1,3,1,27,5,1977,4,2,2
120,8.1,422495,6000000.0,159,2,2,5,3,6,2,1987,4,4,3
134,7.3,243786,100000000.0,50,53,1,8,2,28,5,2021,4,3,3
120,7.7,205575,6000000.0,120,1,3,4,3,23,10,1986,3,4,2
130,6.4,185945,190000000.0,4,53,5,5,4,22,5,2015,4,2,3
121,6.2,239802,50000000.0,40,14,2,7,1,20,3,2009,4,3,3
102,8.5,582200,950000.0,153,98,1,1,1,23,1,1943,5,2,2
102,6.3,64317,5000000.0,106,88,1,6,1,13,11,2020,4,4,2
128,5.0,70538,45000000.0,45,5,5,3,2,22,9,1995,4,1,2
156,8.0,825713,135000000.0,3,24,1,13,1,8,1,2016,4,4,2
90,7.8,613591,25000000.0,24,3,1,7,4,30,1,2009,4,3,3
132,6.9,192887,65000000.0,8,66,2,4,4,11,5,2001,4,3,2
104,5.8,78073,30000000.0,29,6,2,12,1,27,11,2013,2,4,2
101,6.9,397975,23000000.0,13,29,1,7,2,29,7,1994,4,3,2
115,7.0,865919,150000000.0,34,73,4,10,1,6,5,2011,4,3,2
123,6.8,577128,160000000.0,9,53,1,12,1,8,3,2019,4,3,2
90,7.3,255837,28000000.0,172,66,5,3,1,25,4,2003,4,4,2
166,7.8,666306,150000000.0,131,98,8,16,4,25,12,2008,3,3,2
144,7.3,149649,50000000.0,27,73,8,2,1,15,1,2016,4,4,2
138,7.3,362578,31000000.0,157,73,5,9,2,2,11,2012,4,4,2
104,7.2,226759,27000000.0,150,66,3,10,1,3,12,2004,4,4,3
94,7.2,101798,15000000.0,86,73,2,2,1,13,12,1985,4,2,2
93,7.6,105780,4000000.0,24,73,1,1,2,9,2,1979,4,4,2
132,8.1,698801,30000000.0,156,98,4,7,2,28,1,2005,4,3,2
106,7.4,265526,20000000.0,150,29,1,2,1,3,6,2016,4,3,3
135,6.6,173649,65000000.0,132,18,7,9,7,15,1,2010,4,3,3
138,8.2,592053,35000000.0,120,98,2,7,4,19,9,1997,4,4,2
101,7.1,187408,30000000.0,93,88,2,5,3,17,5,2002,4,3,3
141,7.3,882957,250000000.0,9,53,2,11,12,1,5,2015,4,3,2
105,7.8,424787,30000000.0,15,66,3,7,4,8,6,1984,4,2,2
100,6.4,63190,9000000.0,126,2,4,4,4,21,3,1997,4,1,1
116,7.7,589810,85000000.0,125,98,3,16,2,7,12,2001,4,3,2
116,7.5,288643,22500000.0,157,10,1,12,1,9,12,2016,4,4,2
150,7.0,152305,60000000.0,122,14,4,10,4,17,12,2021,4,4,2
144,6.9,444901,178000000.0,9,47,4,10,2,27,5,2016,4,3,2
89,7.2,135323,50000.0,147,1,1,1,1,6,8,2014,2,4,3
92,7.6,487073,130000000.0,1,8,1,5,1,6,6,2008,4,2,3
156,8.0,308788,31000000.0,126,88,2,9,2,8,1,1993,4,4,2
131,5.8,251888,209000000.0,9,88,2,7,2,18,5,2012,4,3,2
119,7.4,586127,30000000.0,30,11,4,9,4,28,9,2012,4,4,2
92,8.1,929513,115000000.0,46,53,3,3,5,23,11,2001,4,0,2
121,7.0,357351,100000000.0,35,98,5,11,1,18,2,2005,4,4,2
107,5.9,34383,35000000.0,140,2,4,5,4,3,6,2022,4,4,1
157,7.4,308450,40000000.0,135,66,2,11,1,11,1,2013,4,4,2
131,6.9,512130,190000000.0,9,98,4,4,4,12,7,2013,4,3,2
113,6.5,134080,70000000.0,10,5,1,3,3,28,5,1993,4,4,2
98,6.5,54460,40000000.0,86,14,1,1,1,16,9,2022,4,3,3
115,6.4,153120,26000000.0,99,53,2,9,1,3,8,2001,4,0,3
139,6.6,21138,90000000.0,33,6,1,2,1,23,11,2022,2,3,2
130,7.0,349168,60000000.0,41,73,3,15,5,21,12,2012,4,3,2
124,6.7,92567,50000000.0,152,24,3,3,4,10,5,2002,4,4,2
119,7.6,195473,2500000.0,138,1,2,1,1,29,3,1963,4,3,2
126,7.1,321695,18000000.0,169,9,3,1,8,21,11,2007,2,4,2
107,7.1,428291,92000000.0,19,18,1,10,3,13,8,2008,2,4,3
97,6.9,155569,18000000.0,108,29,1,7,2,13,2,1998,4,3,2
94,7.8,356350,16000000.0,88,4,5,9,5,29,6,2012,4,3,2
92,7.0,400832,8000000.0,93,4,2,8,1,17,9,2010,4,3,2
108,6.6,124664,20000000.0,120,1,1,7,1,20,3,1998,4,4,2
144,7.2,296173,130000000.0,3,47,13,7,2,6,5,2005,4,4,3
93,5.6,33338,36000000.0,3,88,1,1,1,19,8,2022,4,4,2
109,6.7,421979,40000000.0,43,24,2,4,3,28,10,2011,4,3,2
104,5.2,135860,75000000.0,6,66,2,5,2,1,4,2022,4,3,2
100,7.7,467639,260000000.0,46,53,3,3,2,24,11,2010,2,2,2
130,7.3,389440,125000000.0,24,88,4,11,7,29,4,2011,4,3,2
125,6.8,344806,170000000.0,9,53,2,2,1,17,12,2010,4,2,2
141,7.4,672847,149000000.0,5,98,2,5,3,2,6,2017,4,3,2
98,7.2,121964,6000000.0,113,3,2,6,4,25,7,1980,4,3,2
98,8.1,759029,165000000.0,1,8,1,3,2,26,3,2010,4,2,2
118,7.5,502196,28000000.0,0,73,14,9,12,23,5,1984,2,2,2
106,6.9,628175,50000000.0,83,88,2,9,2,29,6,2012,4,4,2
96,7.1,196934,22700000.0,54,23,2,2,2,24,6,1987,2,2,2
101,8.1,319281,2500000.0,150,4,4,8,3,27,1,1995,4,4,2
130,5.1,87395,150000000.0,9,5,5,5,4,4,2,2022,4,3,3
109,7.9,510670,76000000.0,30,88,3,5,2,5,1,2007,4,4,3
109,6.7,229441,25000000.0,93,24,1,2,1,9,4,2004,4,4,2
96,6.9,226953,400000.0,83,73,1,2,1,27,8,2004,4,2,2
129,7.7,408106,50000000.0,148,3,8,6,1,12,9,1997,4,4,2
115,7.1,18627,13000000.0,87,1,1,1,2,15,7,2022,4,2,1
124,7.2,280735,78000000.0,122,88,1,7,3,4,10,2002,4,4,2
94,7.4,303082,10000000.0,87,9,2,3,2,1,12,2017,4,4,2
139,7.3,41003,10000000.0,120,3,2,1,2,21,10,2022,4,4,0
136,6.9,275397,68000000.0,163,73,3,15,4,14,12,2001,4,4,2
127,7.6,290859,50000000.0,144,47,4,7,4,1,6,2001,4,3,2
136,7.4,346267,75000000.0,10,5,8,7,1,7,6,1996,4,4,2
123,7.0,238500,20000000.0,167,3,2,2,2,24,7,2009,4,4,2
105,7.3,369248,100000000.0,162,73,9,7,2,19,11,1999,4,4,3
132,8.2,1138773,54000000.0,30,98,1,10,4,17,3,2006,4,4,3
127,8.2,769287,48000000.0,0,73,14,9,12,24,5,1989,2,3,2
124,7.1,341382,61000000.0,32,73,4,9,2,23,3,2007,4,4,2
117,6.8,154354,20000000.0,86,4,2,5,1,14,9,2018,4,4,2
107,7.8,433394,15000000.0,6,47,2,9,2,12,6,1987,4,4,2
108,6.6,148351,17000000.0,13,88,2,7,2,26,1,2007,4,4,3
108,6.3,148927,13300000.0,138,9,1,12,1,18,4,2014,4,4,1
124,6.9,655647,150000000.0,9,88,2,11,2,12,6,2015,4,3,2
95,5.9,99359,10000000.0,110,10,1,2,1,29,1,1999,4,3,2
113,7.8,221747,30000000.0,81,9,1,9,1,29,9,2000,4,2,2
133,7.6,295675,35000000.0,31,98,3,3,4,25,11,2015,2,3,2
134,7.2,89584,39000000.0,160,4,1,3,1,26,1,2018,4,4,2
165,5.6,320225,210000000.0,9,73,8,9,3,27,6,2014,4,3,2
132,8.1,194746,2800000.0,120,3,3,2,2,2,5,2003,4,4,0
96,6.4,228469,18000000.0,110,23,1,4,3,13,7,2001,4,3,2
127,7.6,277119,70000000.0,65,73,5,3,5,10,8,2007,4,3,3
152,7.3,201024,45000000.0,129,98,1,7,8,8,11,2019,4,4,2
147,7.8,808890,250000000.0,42,29,5,12,7,6,5,2016,4,3,2
140,7.3,276480,15000000.0,122,2,2,10,2,19,4,2013,4,4,2
115,7.9,419889,10500000.0,66,88,14,3,1,11,6,1982,4,2,2
119,7.0,364344,40000000.0,110,29,1,7,2,15,7,2005,4,4,2
152,6.7,84010,20000000.0,129,2,2,7,2,2,11,2018,4,4,2
100,6.6,278041,33000000.0,38,3,2,5,1,15,3,2002,4,4,1
119,7.9,557780,60000000.0,41,88,2,9,5,14,6,2002,4,3,2
121,6.6,234992,30000000.0,138,73,4,10,2,15,9,2017,4,4,2
104,6.6,128276,15000000.0,166,9,4,3,7,25,12,1998,4,4,2
136,7.6,396572,36000000.0,143,98,1,10,4,5,10,2018,4,4,2
128,6.2,183922,185000000.0,9,73,2,9,7,1,11,2019,4,4,2
102,5.9,259938,80000000.0,83,66,4,7,2,25,6,2010,4,3,2
138,7.5,599470,150000000.0,4,98,4,9,8,11,7,2007,2,3,3
106,7.8,311573,36000000.0,155,66,2,8,3,24,10,1997,4,3,2
139,6.3,605969,258000000.0,9,66,7,6,5,4,5,2007,4,3,2
238,8.2,321833,3977000.0,153,23,2,1,1,17,1,1940,2,4,2
97,6.6,26414,3200000.0,141,1,1,1,1,17,3,2022,3,4,0
109,6.6,456690,115000000.0,30,11,2,9,2,9,8,2013,4,4,2
133,7.3,107169,45000000.0,20,15,2,9,1,13,1,2017,4,4,2
136,6.1,82153,40000000.0,20,88,8,12,1,8,4,2022,4,4,2
117,7.6,574244,30000000.0,13,5,5,7,5,16,4,2010,4,4,3
143,6.9,200154,48000000.0,3,98,2,7,1,14,6,1991,4,3,2
85,6.7,35984,1200000.0,93,1,1,7,1,11,8,2000,4,4,2
92,7.5,33235,820000.0,157,1,1,1,1,7,1,2022,4,4,1
119,6.4,172405,38000000.0,9,2,1,8,2,6,9,2013,4,4,2
126,7.1,370882,39200000.0,30,2,3,11,1,11,7,2014,4,4,0
116,6.8,158666,26000000.0,102,12,2,2,4,28,6,2019,4,3,3
93,7.7,144211,2600000.0,115,98,2,2,2,7,2,1974,3,4,2
112,7.7,176952,40000000.0,3,47,2,3,1,25,9,1992,4,4,2
124,6.4,459080,125000000.0,9,47,5,12,4,28,5,2004,4,3,2
153,7.6,562551,250000000.0,4,98,4,9,8,15,7,2009,2,2,3
107,6.6,85423,8200000.0,143,73,1,4,1,17,2,1984,4,2,2
102,6.2,307337,110000000.0,25,98,1,5,3,7,3,2014,4,4,2
100,7.8,208726,3000000.0,161,1,1,2,5,30,6,1971,2,0,2
120,7.1,283658,45000000.0,38,5,1,1,7,21,8,1998,4,4,2
118,5.8,193553,95000000.0,65,7,5,3,2,12,2,2010,4,2,3
129,7.6,343264,29000000.0,81,5,2,5,2,20,11,2009,4,3,2
137,8.4,395949,2000000.0,148,1,1,1,1,30,3,2007,4,4,0
100,7.0,133502,175000000.0,46,53,1,1,1,11,3,2022,4,2,2
148,6.6,107294,20000000.0,85,98,5,7,5,9,1,2015,4,4,2
131,7.5,92024,45000000.0,76,3,4,3,3,13,12,2019,4,4,2
126,7.3,232435,8000000.0,26,66,2,3,3,22,6,1984,4,2,2
90,5.4,41396,6500000.0,170,3,1,1,1,25,10,2019,4,3,2
105,7.1,68847,90000000.0,1,12,1,11,2,29,7,2022,4,2,2
114,6.7,172966,135000000.0,9,5,1,3,2,21,12,2018,4,3,2
130,8.2,333916,6000000.0,148,73,2,6,1,20,6,1974,3,4,2
98,6.9,304349,65000000.0,83,66,3,2,4,25,7,2008,4,4,2
113,7.5,424181,8000000.0,140,2,2,3,4,27,6,2003,4,4,1
98,7.3,582898,90000000.0,2,66,1,4,2,2,7,1997,2,3,2
104,6.5,170883,150000000.0,2,98,1,7,1,10,5,2019,4,2,3
97,7.2,149676,8500000.0,103,98,2,1,2,31,7,1987,4,4,2
112,7.9,693734,30000000.0,43,11,2,2,2,14,8,2009,4,4,2
178,7.2,251399,90000000.0,131,88,2,16,1,13,11,1998,4,3,2
111,6.2,154833,15000000.0,13,8,3,9,1,21,12,1990,4,3,2
151,6.4,711001,250000000.0,9,98,6,10,7,25,3,2016,4,3,2
105,4.5,68847,55000000.0,152,88,1,2,2,9,2,2018,4,4,2
101,6.6,125495,20000000.0,87,5,1,10,1,30,10,2015,4,4,3
97,5.5,86468,25000000.0,83,66,1,8,3,22,8,2008,4,3,2
118,6.6,329004,185000000.0,5,98,1,12,3,10,3,2017,4,3,2
106,8.0,279449,3000000.0,93,1,3,3,1,21,12,1967,3,2,2
160,8.4,408916,18000000.0,79,4,2,2,1,19,9,1984,2,4,2
96,6.7,131101,4500000.0,83,98,1,1,1,23,3,1984,4,4,2
117,7.0,93707,20000000.0,51,53,1,7,1,18,4,2003,4,2,2
147,7.5,257284,60000000.0,117,3,2,3,2,5,1,2007,4,4,2
96,7.1,142782,11000000.0,103,88,1,4,1,19,1,1990,4,3,2
104,6.6,239027,58000000.0,169,66,2,12,4,24,3,2017,4,4,2
102,7.7,466329,4000000.0,87,10,2,12,2,3,10,2003,4,4,2
119,7.2,241670,34000000.0,20,98,2,6,10,26,8,1994,4,4,2
187,7.2,432531,207000000.0,3,88,7,5,7,14,12,2005,2,3,2
126,6.9,365541,150000000.0,10,73,5,15,5,5,5,2006,4,3,2
165,8.5,336345,5000000.0,174,73,3,2,2,4,7,1969,4,3,2
96,8.3,1066366,175000000.0,46,53,3,1,5,29,5,2009,4,2,2
95,7.7,529355,7500000.0,93,14,3,4,1,7,8,2009,4,3,2
122,7.7,720486,21000000.0,93,5,3,11,3,25,12,2012,1,4,2
101,7.3,142554,25000000.0,65,16,1,5,1,27,6,1986,4,2,3
162,7.6,406751,54000000.0,116,73,6,9,4,25,12,1990,1,4,2
112,7.3,202585,1000000.0,150,1,2,9,2,28,1,2011,4,4,2
102,5.4,140732,16000000.0,103,4,1,3,1,18,9,2009,4,4,2
127,7.1,224850,22000000.0,131,73,2,4,1,13,7,1990,4,3,2
106,6.8,372255,72000000.0,147,12,5,6,5,2,8,2002,4,3,2
97,6.8,197033,10500000.0,150,66,1,4,1,5,3,1999,4,4,2
116,7.1,448758,26000000.0,110,88,2,7,2,19,8,2005,4,4,2
127,7.3,196715,40000000.0,77,66,5,4,2,14,1,2000,4,4,2
108,6.2,87579,2000000.0,170,1,1,1,1,17,6,2010,3,4,2
128,7.3,303959,44000000.0,44,98,1,10,1,14,10,2016,4,4,2
125,7.1,275493,25000000.0,87,47,5,6,1,24,11,1993,2,3,2
129,6.3,140818,25000000.0,28,98,1,4,6,25,11,1992,2,4,2
88,5.7,50415,15000000.0,6,66,2,3,2,16,7,2021,4,3,2
114,8.0,787298,14000000.0,82,3,2,4,1,25,12,2014,3,3,3
93,7.3,479882,150000000.0,46,18,3,7,2,19,5,2004,2,2,2
125,7.1,63286,5500000.0,81,2,1,1,1,9,4,1982,4,2,1
86,5.2,118412,84000000.0,52,98,1,2,6,14,6,2002,4,2,2
94,5.3,145116,5000000.0,122,3,1,1,2,22,3,2013,4,4,2
110,7.2,172314,1000000.0,10,4,1,4,1,10,10,1962,2,2,3
109,7.2,573596,42000000.0,13,66,2,5,2,16,3,2012,4,4,2
105,7.1,135331,26000000.0,158,18,1,12,2,4,12,2009,4,4,2
97,7.2,160121,9000000.0,150,5,2,6,2,19,5,2000,4,4,2
106,6.4,233932,70000000.0,112,98,9,6,1,13,12,1996,4,3,2
118,8.1,430712,13000000.0,157,1,1,4,1,22,1,2016,4,4,3
96,7.2,163724,17000000.0,128,4,1,5,1,16,2,2007,4,2,2
92,6.3,31963,5000000.0,170,3,2,1,4,13,9,2019,4,4,2
102,7.6,266753,13000000.0,23,3,5,1,2,17,7,1987,4,4,2
106,7.7,125493,2000000.0,126,1,3,3,2,8,6,2001,4,4,0
110,7.6,300362,21000000.0,87,12,5,3,5,4,1,2002,4,4,2
130,7.1,867344,200000000.0,9,73,3,10,12,3,5,2013,4,3,2
100,7.1,100988,15000000.0,83,88,4,2,5,16,8,1989,2,2,2
118,7.6,308212,200000000.0,1,53,5,4,4,15,6,2018,4,2,2
88,7.6,593863,23600000.0,16,66,3,8,4,2,10,2009,4,4,2
123,7.5,331967,60000000.0,129,1,1,16,1,11,11,1994,4,4,2
123,8.1,489925,38000000.0,11,8,5,7,2,27,9,2013,4,4,3
151,5.4,277584,200000000.0,5,12,2,5,3,25,12,2020,4,3,2
172,7.4,367049,102000000.0,147,1,3,12,4,26,10,2012,4,4,2
98,8.4,1139700,180000000.0,48,53,2,1,5,27,6,2008,4,0,2
90,8.0,434892,28000000.0,46,53,4,6,5,25,11,1992,2,0,2
95,7.1,281963,50000000.0,23,2,1,4,4,21,9,2012,4,4,1
116,6.1,193290,40000000.0,115,6,2,7,2,30,5,2014,4,4,2
123,6.8,36838,18000000.0,27,1,1,6,1,3,7,2020,4,4,2
87,6.5,73883,80000000.0,46,88,2,7,2,1,7,2022,4,2,2
102,5.6,39200,120000000.0,1,11,2,12,1,23,11,2022,2,2,2
143,7.8,708572,200000000.0,10,66,3,6,3,9,11,2012,4,3,3
141,7.7,238543,47000000.0,131,1,1,5,1,26,9,2013,3,4,3
132,7.4,500389,145000000.0,10,73,5,15,4,21,12,2011,2,3,2
127,7.4,670331,200000000.0,9,66,7,6,12,30,6,2004,2,3,2
99,6.8,365436,75000000.0,93,66,1,7,1,13,2,2004,4,3,2
131,7.4,382860,150000000.0,10,73,3,15,5,31,7,2015,4,3,2
103,6.6,84971,19800000.0,87,98,3,4,1,19,9,2014,4,4,2
146,7.2,314262,100000000.0,154,98,14,4,3,29,6,2001,4,3,3
120,6.1,462156,300000000.0,5,98,6,10,4,17,11,2017,4,3,3
119,7.5,207532,15000000.0,75,14,1,8,2,21,12,2018,4,4,3
122,7.1,155571,35000000.0,20,66,1,7,3,29,6,2018,4,4,2
91,7.4,247653,1800000.0,164,29,5,7,1,16,11,1984,4,4,2
100,7.5,192370,5000000.0,43,9,1,2,3,1,6,2018,4,4,2
83,6.7,181829,80000000.0,46,8,1,9,1,19,5,2006,4,2,2
112,8.0,184876,5800000.0,70,47,1,1,2,3,4,1968,2,0,2
100,7.7,367560,60000000.0,1,98,2,11,2,7,2,2014,4,2,2
111,7.1,292091,30000000.0,93,88,1,7,1,18,4,2008,4,4,2
113,7.5,339930,65000000.0,9,5,5,9,4,1,6,1990,4,4,2
109,6.0,248455,84500000.0,13,12,1,7,2,7,2,2020,4,4,2
158,5.8,385537,200000000.0,9,66,5,5,4,13,11,2009,4,3,2
100,7.4,157430,1200000.0,104,47,1,2,1,31,8,1975,6,4,3
93,5.8,67449,45000000.0,107,8,1,5,3,22,12,2017,4,3,2
129,8.0,628405,29000000.0,171,88,1,16,3,5,1,1996,4,4,2
106,6.1,11126,50000000.0,46,1,1,6,2,7,10,2022,4,2,3
136,7.8,864149,170000000.0,9,53,5,12,7,4,4,2014,4,3,2
118,8.2,679740,19000000.0,133,1,4,1,4,19,1,2007,4,4,0
101,7.8,96138,7000000.0,88,47,1,1,1,7,4,1993,2,2,2
127,6.7,179481,110000000.0,56,47,9,12,5,30,9,2016,4,3,3
165,7.9,359650,4000000.0,126,3,4,8,3,15,8,2014,4,4,2
116,7.0,685861,190000000.0,6,73,2,16,4,21,6,2013,4,3,3
108,6.4,359667,110000000.0,52,47,3,3,1,22,12,2006,4,2,3
112,6.7,70068,20000000.0,13,3,1,5,3,2,12,2022,4,4,2
129,8.3,269030,5500000.0,85,88,1,3,1,25,12,1973,1,2,2
118,7.0,422519,162000000.0,2,29,4,7,3,6,7,2018,4,3,2
151,7.3,734992,225000000.0,5,53,3,7,5,7,7,2006,4,3,2
101,6.4,99232,15000000.0,129,66,1,7,1,3,5,1996,4,4,2
183,8.1,346036,15000000.0,159,88,1,11,1,23,2,1979,4,4,3
135,6.6,308179,125000000.0,10,88,1,6,5,10,8,2012,4,3,2
132,6.9,190194,30000000.0,76,11,2,5,4,20,11,2015,4,4,3
122,8.3,768397,10000000.0,110,1,1,1,1,8,2,2002,4,4,0
136,7.3,159097,30000000.0,81,3,1,12,2,14,1,2005,4,3,2
120,6.3,57521,50000000.0,116,1,1,3,2,1,10,2021,4,4,2
97,7.4,290520,5100000.0,30,1,1,8,2,9,1,2015,4,4,2
96,6.9,236161,90000000.0,46,1,1,9,1,15,4,2011,4,0,3
100,6.3,90497,35000000.0,14,53,1,4,1,29,7,2005,4,2,2
106,6.5,47410,16000000.0,93,73,1,6,2,15,1,1999,4,4,2
107,5.3,137507,88000000.0,6,47,3,3,3,14,9,2018,4,4,2
130,7.1,10142,33000000.0,78,23,1,1,1,28,10,2022,4,3,2
115,7.1,359260,48000000.0,165,18,3,5,3,18,10,2002,4,3,2
124,7.2,323941,42000000.0,93,11,1,7,4,28,5,1999,4,3,3
139,7.3,274970,50000000.0,93,11,3,15,4,13,12,1996,4,4,2
137,7.8,292806,9000000.0,126,3,1,7,2,16,12,2016,4,4,2
115,7.5,763094,165000000.0,5,53,3,7,4,4,11,2016,4,3,2
119,8.3,449756,839727.0,145,1,1,1,1,5,9,1941,4,2,2
110,7.2,301143,41000000.0,142,8,2,2,2,8,11,2002,4,4,2
102,7.0,121423,75000000.0,75,88,3,12,3,21,12,2007,4,4,2
85,5.5,52924,33000000.0,113,6,4,2,1,7,4,2006,4,3,2
175,7.4,58727,27000000.0,136,1,1,4,2,15,6,1977,2,2,3
93,7.0,120311,6500000.0,110,88,4,2,5,4,5,1984,4,2,2
101,8.0,648946,14600000.0,89,66,2,6,4,12,2,1993,4,2,2
125,6.0,83997,50000000.0,33,5,13,5,2,22,8,1997,4,4,3
116,5.5,103977,70000000.0,83,66,2,7,1,15,6,2012,4,4,2
119,5.7,223343,100000000.0,9,47,9,9,4,27,7,2001,4,3,2
138,6.7,89310,100000000.0,27,14,5,6,1,8,11,2019,4,3,2
96,5.3,147259,22000000.0,167,29,1,1,4,7,9,2018,4,4,2
131,6.0,273879,160000000.0,5,88,2,8,2,7,5,2004,4,3,2
116,6.4,250469,50000000.0,110,1,1,8,1,7,2,2003,4,3,2
92,5.6,206941,20000000.0,110,66,3,7,1,24,6,2011,4,4,2
96,7.6,190374,15000000.0,140,2,4,3,4,15,8,1986,4,4,2
151,6.7,435501,140000000.0,9,12,8,10,5,1,7,1998,2,3,2
114,7.1,231025,40000000.0,74,2,3,5,2,19,8,2016,4,4,2
